{
  "edition" : 1981,
  "type" : "REVUE",
  "title" : "Sajel Visie",
  "videoEnabled" : true,
  "tags" : "1981",
  "excerpt" : "Tijdens deze revue werd het Revue lied gepresenteerd.\r\nDeze revue laat zien hoe TV opnames van de scenes worden gemaakt. Opname cineast is Jo Eijkenboom.\r\nScenes die o.a. worden gespeeld zijn: wandeltocht met raadslid / wethouder Sjef Palmen als medewerker controlepost, kleedkamer, weerbericht (a la Armand Pien van de BRT), zanggroep Escolum.\r\nIn het najaar van 1981 werd na overleg met de Sajelaire een revue comité(ARC) in het leven geroepen.",
  "comments" : [ ]
}