{
  "edition" : 1980,
  "type" : "REVUE",
  "title" : "Sajel Tours",
  "videoEnabled" : true,
  "tags" : "1980",
  "excerpt" : "__18-19-20 januari 1980__\r\nDeze revue laat de belevenissen zien van een gezelschap dat per bus door Europa trekt en hierbij diverse steden bezoekt. De reis gaat van Elsloo naar achtereenvolgens Kerkrade (schlagerfestival), Kufstein (camping), Valencia (orkest met dans, o.a. Sajelballet als een Spaanse rijschool olv Nic Voncken), Keulen (C.V. Rot-Weisz) en tenslotte retour in Elsloo (Wiener Sangerknaben). Diverse bekende figuren uit het dorp doen aan deze revue mee. Te noemen hierbij valt o.a...",
  "comments" : [ ]
}