{
  "edition" : 2023,
  "type" : "REVUE",
  "title" : "Oki Doki",
  "videoEnabled" : false,
  "tags" : "2023",
  "excerpt" : "Veer numme uch vanaovend mit nao ein Sjpas & Vekantiepark genaamp Oki-Doki. \r\nAuch dit park haet te maake mit ein personeels tekort, eine directeur dae opgestap is en ut gebrek van expertise in ut ongerhoud van bepaalde attracties. \r\nUt löp dus neet mjè allemaol zwa gesmaerd, mèr mit de koms van eine nuuj directeur oet Baek, geit d'r eine frisje wèndj weije door ut park. \r\nUiteraard maoge de gaste hiej gein las van höbbe en zal d'r alles aan gedaon waere om de bezeukers van ein good verblief te lao",
  "comments" : [ ]
}