{
  "edition" : 1983,
  "type" : "REVUE",
  "title" : "Sajel Raket",
  "videoEnabled" : true,
  "tags" : "1983",
  "excerpt" : "Nadat de astronauten in hun raket waren gelanceerd vanaf een immens platform en onder grote belangstelling werd door hen een bezoek gebracht aan achtereenvolgens Mars, de hel, Neptunes, hemel en Bachus. Tijdens deze uitstapjes werden ze onthaald met dans, muziek en diverse sketches. Tot slot arriveerden de astronauten tot opluchting van de bevolking weer in Aelse.",
  "comments" : [ ]
}