{
  "edition" : 1982,
  "type" : "REVUE",
  "title" : "Sajel Bwat",
  "videoEnabled" : true,
  "tags" : "1982",
  "excerpt" : "Beste Passagiers,\r\n\r\nKapitein Dobberman van de Sajelbwat hét uch alle-\r\nmaol van harte welkom op zien 4-oer doerende cruise\r\ndoor ’t lentj van de humor.\r\n\r\nControleer effe of geer allemaol ’t Zwomdiploma bie\r\n\r\nuch hébt, want ’t koos waal ins ein naate bedoening\r\nwaere (zwoawaal van bénne es van boete).\r\n\r\nEin gooi reis toegeweinsjt,\r\n‘t Aelser Revue Comité\r\n\r\nP.S. Zwemveste onger de banke.",
  "comments" : [ ]
}