{
  "edition" : 1984,
  "type" : "REVUE",
  "title" : "Sajel Familie",
  "videoEnabled" : true,
  "tags" : "1984",
  "excerpt" : "**10 / 11/ 17 / 18 februari 1984**\n\nOm deze revue bij het Aelser publiek te promoten werd door de “hoofdrolspelers”  een tocht per paardenkoets door het dorp gemaakt. Onder de kop “Aelser revue in de steigers” verscheen een artikel met foto in de krant De Limburger. In dit artikel is tevens een korte beschrijving van de inhoud van de revue weer gegeven.\n\nDe regie van deze revue was in handen van Hub Meijers en Lei Ummels. Aan deze revue deden eveneens bekende dorpelingen mee. Te noemen valt h...",
  "comments" : [ ]
}