{
  "edition" : 2018,
  "type" : "REVUE",
  "title" : "De Nuuj Rekruute",
  "videoEnabled" : false,
  "tags" : "2018",
  "excerpt" : "De Nuuj Rekruute eine toepasselikke naam veur dees revue, mèr daoeuver dalik mjè. Dit jaor numme veer uch mit nao ein militair opleidingscentrum. Ozze Köning Willem Alexander haet per direk de deensplich weer ingeveurd en manne en vrouwe opgeroope zich te mèlje veur ein käöring. Natuurlik zulle allerlei pluimages van de bevolking zich treffe en deez zeer deskundige käöring ongergaon om zich vervolgens volledig te storte op hun militaire opleiding.",
  "comments" : [ ]
}