{
  "edition" : 1979,
  "type" : "REVUE",
  "title" : "Sajel Dolala",
  "videoEnabled" : false,
  "tags" : "1979",
  "excerpt" : "Deze revue heeft haar naam te danken aan de destijds mateloos populaire ietwat pikante Tv serie Waldolala. De presentator van deze serie was Waldo van Dungen, dus kreeg Hub Meijers als presentator van deze revue de naam Waldo. De revue werd 2 maal opgevoerd. De eerste keer in zaal Martens en vanwege de enorme belangstellig de tweede keer in het Maaslandcentrum. ",
  "comments" : [ ]
}